variant	seed	band_stream2	band_stream3	band_ratio	murphy_256k	murphy_ratio	skew	label
control	2	7.400964e+09	7.400956e+09	1.000073036	4.730992e-09	0.999998732	219696630.1	breadth s0002 rank 2 u -5 v 169867163 t 9532351 Ea 52.727089 lognorm 62.628247 alpha_s -7.043472 alpha -7.616276 control
proposal	2	7.401034e+09	7.401881e+09	1.000140262	4.731297e-09	1.000063200	219102582.734	breadth s0002 rank 2 u -5 v 169867163 t 9532351 Ea 52.727089 lognorm 62.628247 alpha_s -7.043472 alpha -7.616276 proposal
control	2	7.400964e+09	7.400956e+09	1.000073036	4.730992e-09	0.999998732	219696630.1	depth s0002 rank 2 u -5 v 169867163 t 9532349 Ea 52.727089 lognorm 62.628247 alpha_s -7.043472 alpha -7.616276 control
proposal	2	7.401034e+09	7.401881e+09	1.000140262	4.731297e-09	1.000063200	219102582.734	depth s0002 rank 2 u -5 v 169867163 t 9532349 Ea 52.727089 lognorm 62.628247 alpha_s -7.043472 alpha -7.616276 proposal
control	2	7.332109e+09	7.332089e+09	0.990768023	4.683496e-09	0.989959412	231294585.1	breadth s0002 rank 1 u -5 v -29792605 t 3577125 Ea 52.664989 lognorm 62.499252 alpha_s -6.949054 alpha -7.564818 control
proposal	2	7.332069e+09	7.332142e+09	0.990768902	4.683528e-09	0.989966176	231294585.1	breadth s0002 rank 1 u -5 v -29792605 t 3577125 Ea 52.664989 lognorm 62.499252 alpha_s -6.949054 alpha -7.564818 proposal
control	2	7.332109e+09	7.332089e+09	0.990768023	4.683496e-09	0.989959412	231294585.1	depth s0002 rank 1 u -5 v -29792605 t 3577127 Ea 52.664989 lognorm 62.499252 alpha_s -6.949054 alpha -7.564818 control
proposal	2	7.332069e+09	7.332142e+09	0.990768902	4.683529e-09	0.989966388	231294585.1	depth s0002 rank 1 u -5 v -29792605 t 3577127 Ea 52.664989 lognorm 62.499252 alpha_s -6.949054 alpha -7.564818 proposal
control	3	6.914112e+09	6.912842e+09	0.934200690	4.410393e-09	0.932233114	249511531.1	breadth s0003 rank 1 u 1 v -56507067 t -7481735 Ea 52.948104 lognorm 62.784101 alpha_s -6.967385 alpha -7.566152 control
proposal	3	6.914102e+09	6.912996e+09	0.934210419	4.410447e-09	0.932244529	250188025.489	breadth s0003 rank 1 u 1 v -56507067 t -7481735 Ea 52.948104 lognorm 62.784101 alpha_s -6.967385 alpha -7.566152 proposal
control	6	6.672063e+09	6.671202e+09	0.901520853	4.245245e-09	0.897325469	267709621.6	depth s0006 rank 1 u 1 v -1686407583 t -6549239 Ea 53.171828 lognorm 64.257009 alpha_s -8.271237 alpha -8.527063 control
proposal	6	6.676884e+09	6.675554e+09	0.902140615	4.247782e-09	0.897861720	259151185.065	depth s0006 rank 1 u 1 v -1686407583 t -6549239 Ea 53.171828 lognorm 64.257009 alpha_s -8.271237 alpha -8.527063 proposal
control	53	6.67003e+09	6.669949e+09	0.901298839	4.241179e-09	0.896466031	199292544.6	breadth s0053 rank 1 u -6 v 149601314 t 8904238 Ea 53.649515 lognorm 63.674974 alpha_s -7.026201 alpha -7.711892 control
proposal	53	6.670169e+09	6.671802e+09	0.901433425	4.242012e-09	0.896642104	203105807.367	breadth s0053 rank 1 u -6 v 149601314 t 8904238 Ea 53.649515 lognorm 63.674974 alpha_s -7.026201 alpha -7.711892 proposal
control	10	6.652958e+09	6.652147e+09	0.898942621	4.234176e-09	0.894985794	304864674.5	breadth s0010 rank 1 u 0 v 261014213 t -30414193 Ea 53.553573 lognorm 63.204363 alpha_s -6.987701 alpha -7.423685 control
proposal	10	6.65619e+09	6.655468e+09	0.899385366	4.236121e-09	0.895396912	303218229.498	breadth s0010 rank 1 u 0 v 261014213 t -30414193 Ea 53.553573 lognorm 63.204363 alpha_s -6.987701 alpha -7.423685 proposal
control	13	6.609473e+09	6.611401e+09	0.893251660	4.200888e-09	0.887949646	153260029.8	breadth s0013 rank 1 u -120 v -14984526136 t -244456015 Ea 53.307703 lognorm 64.054035 alpha_s -7.712391 alpha -8.266409 control
proposal	13	6.609473e+09	6.611401e+09	0.893251660	4.200888e-09	0.887949646	153260029.8	breadth s0013 rank 1 u -120 v -14984526136 t -244456015 Ea 53.307703 lognorm 64.054035 alpha_s -7.712391 alpha -8.266409 proposal
baseline	2	7.400651e+09	7.400188e+09	1.000000000	4.730998e-09	1.000000000	224841000	CPU pipeline CADO/skewopt winner
