phase	search	seed	content	best_rank	band	murphy	skew	label
breadth	s0002	2	1	2	7.401376e+09	4.729313e-09	203656483.1	u -5 v 169867163 t 9532351 Ea 52.727089 lognorm 62.628247 alpha_s -7.043472 alpha -7.616276
breadth	s0003	3	1	1	6.914601e+09	4.410133e-09	246823796.2	u 1 v -56507067 t -7481735 Ea 52.948104 lognorm 62.784101 alpha_s -6.967385 alpha -7.566152
breadth	s0053	53	1	1	6.665249e+09	4.240884e-09	191879454.2	u -6 v 149601314 t 8904238 Ea 53.649515 lognorm 63.674974 alpha_s -7.026201 alpha -7.711892
breadth	s0010	10	1	1	6.655496e+09	4.233899e-09	295118424.2	u 0 v 261014213 t -30414193 Ea 53.553573 lognorm 63.204363 alpha_s -6.987701 alpha -7.423685
breadth	s0013	13	1	1	6.605117e+09	4.201047e-09	163107739.6	u -120 v -14984526136 t -244456015 Ea 53.307703 lognorm 64.054035 alpha_s -7.712391 alpha -8.266409
breadth	s0009	9	1	5	6.470333e+09	4.111632e-09	231921688.3	u -20 v -654247799 t -69303100 Ea 53.762792 lognorm 63.756273 alpha_s -7.093497 alpha -7.687293
breadth	s0008	8	1	2	6.462869e+09	4.109064e-09	208680239	u 13 v 310567409 t -54758685 Ea 53.574750 lognorm 63.668273 alpha_s -7.397375 alpha -7.764248
breadth	s0014	14	1	1	6.414695e+09	4.101449e-09	536870912	u -28 v -64807482 t -18644175 Ea 53.593482 lognorm 63.907303 alpha_s -7.181004 alpha -7.933708
breadth	s0027	27	1	1	6.371305e+09	4.039054e-09	149570456.7	u -15 v -35781115 t -5549171 Ea 53.519142 lognorm 64.268748 alpha_s -7.566511 alpha -8.268928
breadth	s0004	4	1	1	6.351438e+09	4.071325e-09	80457230.9	u -1 v -524630 t 5413160 Ea 53.311432 lognorm 62.652093 alpha_s -6.460786 alpha -7.185124
breadth	s0001	1	1	2	6.296348e+09	4.074245e-09	56431603.2	u 0 v -6508131 t 13304182 Ea 52.975514 lognorm 62.503368 alpha_s -7.020325 alpha -7.329118
breadth	s0006	6	1	2	6.264239e+09	3.973967e-09	184242576.4	u 1 v 192269217 t -6160775 Ea 53.843632 lognorm 63.598693 alpha_s -7.230740 alpha -7.503894
breadth	s0055	55	1	1	6.230427e+09	3.976713e-09	362547240	u 33 v 277553972 t 5160991 Ea 53.655745 lognorm 64.558140 alpha_s -7.637095 alpha -8.386457
breadth	s0041	41	1	1	6.170021e+09	3.900973e-09	208680239	u -189 v -19461194488 t -221210931 Ea 54.408018 lognorm 63.899909 alpha_s -6.798259 alpha -7.301455
breadth	s0078	78	1	1	6.160235e+09	3.90647e-09	168038753.7	u -12 v -149430420 t -3237829 Ea 53.910236 lognorm 64.566609 alpha_s -7.970058 alpha -8.197211
breadth	s0018	18	1	1	6.115366e+09	3.885244e-09	113783707.2	u 2 v -21171814 t -6828510 Ea 53.751509 lognorm 63.780034 alpha_s -7.273112 alpha -7.714249
breadth	s0005	5	1	1	6.084298e+09	3.92383e-09	53601916.6	u 0 v 6939471 t -3901533 Ea 53.696240 lognorm 62.862327 alpha_s -6.433232 alpha -7.050837
breadth	s0190	190	1	2	6.06986e+09	3.843518e-09	177389300.1	u -443 v 40549149015 t 192419549 Ea 53.975404 lognorm 65.227125 alpha_s -8.336621 alpha -8.655170
breadth	s0045	45	1	1	6.060478e+09	3.875874e-09	481763548.9	u 30 v -685584533 t 19096112 Ea 54.255292 lognorm 63.992563 alpha_s -7.158356 alpha -7.490209
breadth	s0019	19	1	3	5.99819e+09	3.813127e-09	103776622.7	u 4 v -125018242 t 3073673 Ea 54.277754 lognorm 63.999872 alpha_s -7.135486 alpha -7.478552
breadth	s0032	32	1	5	5.972111e+09	3.76748e-09	220889561.1	u 36 v 1927730850 t -27083333 Ea 54.472756 lognorm 64.344597 alpha_s -7.065689 alpha -7.593723
breadth	s0050	50	1	1	5.969015e+09	3.848691e-09	44467562.8	u -8 v 128292905 t 30325630 Ea 53.464117 lognorm 64.289048 alpha_s -7.746290 alpha -8.326870
breadth	s0049	49	1	1	5.968052e+09	3.762785e-09	295918571.4	u 25 v -568725046 t 40746633 Ea 54.692741 lognorm 63.658597 alpha_s -5.915978 alpha -6.896813
breadth	s0110	110	1	1	5.942678e+09	3.76526e-09	275057166.2	u 27 v 553891548 t -6681180 Ea 54.243174 lognorm 64.669234 alpha_s -7.524221 alpha -8.020046
breadth	s0048	48	1	1	5.927757e+09	3.740649e-09	187260159.4	u 10 v 97161013 t 809520 Ea 54.614175 lognorm 64.036931 alpha_s -6.790637 alpha -7.248274
breadth	s0080	80	1	1	5.910691e+09	3.728957e-09	217330060.9	u -31 v -845039495 t -5476734 Ea 54.365221 lognorm 64.588099 alpha_s -7.399290 alpha -7.863752
breadth	s0012	12	1	2	5.895816e+09	3.728597e-09	128527336.7	u -6 v 544598830 t 11144841 Ea 54.300012 lognorm 64.589091 alpha_s -7.594723 alpha -7.914676
breadth	s0261	261	1	1	5.895611e+09	3.722353e-09	272094254.1	u -67 v 18249804 t 2959568 Ea 54.514552 lognorm 64.969844 alpha_s -7.519454 alpha -8.042532
breadth	s0209	209	1	1	5.892992e+09	3.734767e-09	120440887.2	u -8 v 126562538 t 2016083 Ea 54.168374 lognorm 64.620467 alpha_s -7.620497 alpha -8.040072
breadth	s0092	92	1	1	5.891587e+09	3.712624e-09	235082800.6	u -61 v 713865737 t 22423902 Ea 54.061149 lognorm 64.807699 alpha_s -7.711432 alpha -8.266577
breadth	s0075	75	1	1	5.882516e+09	3.715072e-09	182257917.8	u -16 v -216601897 t -16158844 Ea 54.351362 lognorm 64.391701 alpha_s -7.078686 alpha -7.723338
breadth	s0105	105	1	1	5.87988e+09	3.710027e-09	189812531.2	u -24 v 168944153 t -14860308 Ea 54.201203 lognorm 64.695071 alpha_s -7.698928 alpha -8.072206
breadth	s0061	61	1	1	5.870184e+09	3.720046e-09	113783707.2	u 9 v -279725204 t 1297523 Ea 54.019059 lognorm 64.786032 alpha_s -7.924462 alpha -8.282287
breadth	s0028	28	1	1	5.865535e+09	3.731182e-09	94138481.8	u -5 v -88002961 t 14182363 Ea 54.258245 lognorm 63.976325 alpha_s -7.032100 alpha -7.475446
breadth	s0072	72	1	1	5.860379e+09	3.694822e-09	169409260.7	u -79 v 4418810914 t 103184756 Ea 54.530600 lognorm 64.723492 alpha_s -7.364748 alpha -7.840686
breadth	s0035	35	1	3	5.843656e+09	3.735904e-09	75804557.4	u -3 v 74444873 t -1698807 Ea 54.110185 lognorm 64.393824 alpha_s -7.502087 alpha -7.910491
breadth	s0253	253	1	1	5.840867e+09	3.689195e-09	164883866.4	u 15 v -221969842 t -4186582 Ea 54.349664 lognorm 64.948921 alpha_s -7.765268 alpha -8.153275
breadth	s0071	71	1	1	5.831635e+09	3.716173e-09	82441933.2	u 6 v 350712064 t -5818225 Ea 53.693389 lognorm 65.354703 alpha_s -8.247594 alpha -8.970241
breadth	s0135	135	1	1	5.826385e+09	3.682824e-09	128875809.6	u 19 v -339453473 t 11831715 Ea 54.189501 lognorm 64.901783 alpha_s -7.732727 alpha -8.240217
breadth	s0116	116	1	1	5.803754e+09	3.691484e-09	391101749.8	u 32 v -308250170 t -3632821 Ea 54.693775 lognorm 64.688810 alpha_s -7.214443 alpha -7.688489
breadth	s0007	7	1	2	5.798403e+09	3.710564e-09	57200770.7	u 14 v -481459913 t 63571260 Ea 54.284415 lognorm 63.556315 alpha_s -6.916814 alpha -7.132231
breadth	s0193	193	1	2	5.797582e+09	3.655867e-09	144397322.5	u 17 v 323356936 t -4884591 Ea 54.512426 lognorm 64.895826 alpha_s -7.666933 alpha -7.987230
breadth	s0083	83	1	1	5.793967e+09	3.670281e-09	127142841.9	u 4 v 38047617 t -3379703 Ea 54.085348 lognorm 64.118845 alpha_s -7.417350 alpha -7.718075
breadth	s0029	29	1	2	5.793703e+09	3.753269e-09	36591367.6	u -1 v 325255 t 883852 Ea 53.494492 lognorm 63.315828 alpha_s -7.279238 alpha -7.554873
breadth	s0087	87	1	1	5.790949e+09	3.742958e-09	39795273.3	u 0 v 2703951 t -346013 Ea 53.848854 lognorm 64.084967 alpha_s -7.485624 alpha -7.873934
breadth	s0043	43	1	2	5.78687e+09	3.65411e-09	341581890.7	u 38 v 1255810531 t -55203108 Ea 54.373611 lognorm 64.092311 alpha_s -6.910555 alpha -7.475923
breadth	s0082	82	1	1	5.782887e+09	3.663829e-09	263395644.8	u -373 v -88849642150 t -464723876 Ea 54.497173 lognorm 64.037048 alpha_s -6.902951 alpha -7.338366
breadth	s0121	121	1	1	5.767337e+09	3.646002e-09	116590500.1	u 10 v -106750530 t 18486558 Ea 54.239362 lognorm 64.548479 alpha_s -7.509172 alpha -7.930090
breadth	s0038	38	1	1	5.763128e+09	3.635099e-09	165779169.5	u 21 v -561310829 t 4784351 Ea 54.597778 lognorm 64.881643 alpha_s -7.252906 alpha -7.910665
breadth	s0180	180	1	1	5.759807e+09	3.633002e-09	161350745.2	u -28 v 79422862 t 16663208 Ea 54.271909 lognorm 64.804645 alpha_s -7.720045 alpha -8.102105
breadth	s0296	296	1	1	5.758216e+09	3.636894e-09	135312394.1	u 0 v 259951949 t 897128 Ea 54.020841 lognorm 65.018905 alpha_s -7.905144 alpha -8.460050
breadth	s0182	182	1	2	5.757984e+09	3.631402e-09	170329136.2	u -21 v -222719401 t 5408288 Ea 54.578270 lognorm 64.849200 alpha_s -7.535245 alpha -7.900716
breadth	s0017	17	1	3	5.752759e+09	3.636509e-09	296720888.1	u 16 v 149311381 t -14015252 Ea 54.707940 lognorm 64.274680 alpha_s -6.823246 alpha -7.359031
breadth	s0194	194	1	1	5.751657e+09	3.655273e-09	88935125.7	u 1 v -233396800 t 4653604 Ea 54.257154 lognorm 64.877914 alpha_s -7.553328 alpha -8.169815
breadth	s0166	166	1	1	5.749676e+09	3.723416e-09	36591367.6	u -1 v 5240790 t 759580 Ea 53.195492 lognorm 64.387967 alpha_s -8.146018 alpha -8.609596
breadth	s0158	158	1	3	5.740873e+09	3.627994e-09	150382609.5	u 8 v 514004191 t -9292638 Ea 54.223593 lognorm 65.022672 alpha_s -7.909005 alpha -8.306985
breadth	s0034	34	1	1	5.740817e+09	3.635282e-09	332457284.9	u 1 v -577264555 t -780095 Ea 54.368302 lognorm 64.509261 alpha_s -7.367189 alpha -7.800738
breadth	s0251	251	1	3	5.740403e+09	3.629637e-09	134946517	u -49 v -1842225327 t -65165944 Ea 54.362336 lognorm 64.908164 alpha_s -7.688914 alpha -8.112175
breadth	s0172	172	1	1	5.737939e+09	3.616873e-09	175478464.9	u 8 v -37339614 t 1200553 Ea 54.964744 lognorm 63.992793 alpha_s -6.558028 alpha -6.944653
breadth	s0225	225	1	1	5.737167e+09	3.622275e-09	154928922.1	u -50 v -2188907186 t -92722235 Ea 54.396117 lognorm 64.542544 alpha_s -7.376820 alpha -7.804944
breadth	s0015	15	1	3	5.723236e+09	3.642629e-09	103216169.1	u 7 v 17267196 t -12607333 Ea 54.047928 lognorm 64.432452 alpha_s -7.424221 alpha -7.988095
breadth	s0179	179	1	3	5.712978e+09	3.598888e-09	172183898.9	u 13 v -193260579 t -5207420 Ea 55.004955 lognorm 64.616621 alpha_s -6.949939 alpha -7.393589
breadth	s0057	57	1	1	5.711917e+09	3.606445e-09	124418433	u 16 v -171420593 t 19797321 Ea 54.164589 lognorm 64.395176 alpha_s -7.254732 alpha -7.869682
breadth	s0266	266	1	1	5.711179e+09	3.599019e-09	230669177.5	u -27 v -427045266 t 544412 Ea 54.881031 lognorm 64.937052 alpha_s -7.437084 alpha -7.735401
breadth	s0289	289	1	1	5.710895e+09	3.595056e-09	169868575.8	u -13 v 565723693 t -32770284 Ea 54.400663 lognorm 64.854916 alpha_s -7.465734 alpha -8.041733
breadth	s0139	139	1	1	5.707245e+09	3.590398e-09	179320943	u -27 v 480437361 t -17490212 Ea 54.695845 lognorm 64.896983 alpha_s -7.391044 alpha -7.847029
breadth	s0026	26	1	1	5.700658e+09	3.620452e-09	84704630.3	u -4 v -8922135 t -1259804 Ea 54.212970 lognorm 64.423586 alpha_s -7.550674 alpha -7.854320
breadth	s0282	282	1	1	5.693592e+09	3.591917e-09	139026171.2	u 19 v 252330109 t 33792883 Ea 54.489906 lognorm 64.796950 alpha_s -7.055931 alpha -7.928495
breadth	s0215	215	1	1	5.672813e+09	3.596407e-09	92872620.1	u -14 v -225059386 t -13880133 Ea 54.244424 lognorm 65.242378 alpha_s -7.815691 alpha -8.459964
breadth	s0030	30	1	1	5.6706e+09	3.581013e-09	111647445.4	u -7 v -72008038 t 11275126 Ea 54.561276 lognorm 64.361950 alpha_s -7.031027 alpha -7.538980
breadth	s0107	107	1	1	5.666894e+09	3.567734e-09	145969706.2	u -20 v 264290692 t -11996830 Ea 54.636890 lognorm 64.644964 alpha_s -7.386217 alpha -7.698518
breadth	s0062	62	1	1	5.663321e+09	3.621641e-09	69701554.7	u 6 v 113724722 t -15882338 Ea 54.300035 lognorm 64.555306 alpha_s -7.300780 alpha -7.888670
breadth	s0152	152	1	1	5.647991e+09	3.552878e-09	191360622.9	u -131 v 8907444325 t 149997363 Ea 54.923921 lognorm 64.316672 alpha_s -6.984632 alpha -7.225193
breadth	s0140	140	1	1	5.642847e+09	3.566517e-09	124418433	u 43 v -1575592653 t 58709651 Ea 54.289613 lognorm 64.833619 alpha_s -7.822083 alpha -8.110774
breadth	s0188	188	1	2	5.639825e+09	3.552468e-09	151199172.2	u 41 v 859733394 t 16144996 Ea 54.423580 lognorm 65.346420 alpha_s -7.608120 alpha -8.402185
breadth	s0036	36	1	1	5.636877e+09	3.553475e-09	283372594.8	u 27 v 643633999 t -55380011 Ea 54.721201 lognorm 63.863296 alpha_s -6.376060 alpha -7.032381
breadth	s0128	128	1	2	5.636767e+09	3.572237e-09	91128958.9	u -4 v -53237893 t 3113321 Ea 54.697486 lognorm 64.425652 alpha_s -7.037890 alpha -7.483204
breadth	s0011	11	1	1	5.634084e+09	3.657275e-09	27836389.2	u 0 v -1156630 t 2636263 Ea 54.189560 lognorm 62.598601 alpha_s -6.071677 alpha -6.468493
breadth	s0147	147	1	5	5.624343e+09	3.5517e-09	119466530.4	u -29 v 792107328 t 13841504 Ea 54.550495 lognorm 65.171895 alpha_s -7.648194 alpha -8.170307
breadth	s0281	281	1	4	5.622721e+09	3.552372e-09	251546521.7	u 33 v 485334902 t -4196659 Ea 54.817518 lognorm 65.007135 alpha_s -8.115957 alpha -7.838167 content divided
breadth	s0281_d2	281	2	3	5.622721e+09	3.552371e-09	251546521.7	u 16 v 242667451 t -4196661 Ea 54.817518 lognorm 65.007135 alpha_s -7.440861 alpha -7.838167
breadth	s0238	238	1	1	5.621625e+09	3.579247e-09	74987991.7	u 0 v 11468923 t 1706802 Ea 54.147945 lognorm 65.145664 alpha_s -8.030196 alpha -8.459784
breadth	s0042	42	1	1	5.614818e+09	3.596739e-09	53601916.6	u 2 v -20124418 t 9009587 Ea 54.198150 lognorm 64.052887 alpha_s -7.347226 alpha -7.580567
breadth	s0196	196	1	1	5.590887e+09	3.51759e-09	282606371.2	u -29 v 1500558313 t -9463953 Ea 54.619811 lognorm 64.931063 alpha_s -7.620046 alpha -7.931732
breadth	s0187	187	1	1	5.587237e+09	3.528746e-09	120440887.2	u -23 v -6616074 t 2129855 Ea 54.007737 lognorm 65.005989 alpha_s -8.141295 alpha -8.460194
breadth	s0108	108	1	1	5.580397e+09	3.521844e-09	131341718.9	u 8 v -156797488 t 25118488 Ea 54.346107 lognorm 64.335827 alpha_s -6.942393 alpha -7.684401
breadth	s0098	98	1	1	5.577949e+09	3.504325e-09	227567414.3	u -39 v -924715653 t -45615570 Ea 54.791600 lognorm 64.589341 alpha_s -6.934302 alpha -7.536724
breadth	s0150	150	1	1	5.571194e+09	3.525125e-09	134946517	u 57 v 3330400391 t -102379090 Ea 54.348777 lognorm 64.685228 alpha_s -7.693359 alpha -7.951116
breadth	s0104	104	1	1	5.568394e+09	3.506407e-09	189812531.2	u 41 v -1619016878 t 58576592 Ea 54.562759 lognorm 64.906416 alpha_s -7.881973 alpha -7.956659
breadth	s0068	68	1	1	5.558392e+09	3.506967e-09	122745402.7	u -14 v -460782404 t -27914024 Ea 54.747085 lognorm 64.346538 alpha_s -6.752662 alpha -7.384195
breadth	s0192	192	1	1	5.556856e+09	3.4994e-09	156192506.6	u 15 v 265076964 t -24387146 Ea 54.784791 lognorm 64.723128 alpha_s -7.137776 alpha -7.644874
breadth	s0022	22	1	4	5.556345e+09	3.506655e-09	115334588.7	u 5 v 300121213 t -16982623 Ea 54.644839 lognorm 64.337037 alpha_s -7.124157 alpha -7.455537
breadth	s0056	56	1	1	5.555862e+09	3.491605e-09	206992033.1	u 3 v 1212993264 t 61720982 Ea 55.078397 lognorm 64.297645 alpha_s -6.481674 alpha -7.091729
breadth	s0149	149	1	1	5.555861e+09	3.494478e-09	226952084.8	u -35 v -501106380 t -12949225 Ea 54.938657 lognorm 65.022566 alpha_s -7.142457 alpha -7.756853
breadth	s0155	155	1	1	5.529219e+09	3.525138e-09	628162465.7	u -3 v 28296118086 t 10732498 Ea 54.810451 lognorm 65.573746 alpha_s -7.656589 alpha -8.279457
breadth	s0239	239	1	2	5.52724e+09	3.476575e-09	242846381.7	u -12 v -380034960 t 3288342 Ea 54.947724 lognorm 65.253142 alpha_s -7.618515 alpha -7.927244
breadth	s0170	170	1	1	5.521878e+09	3.470453e-09	192921340.7	u -42 v 1261596562 t 61488107 Ea 54.900864 lognorm 64.413396 alpha_s -7.122723 alpha -7.317332
breadth	s0099	99	1	6	5.506763e+09	3.512612e-09	72984853.1	u 1 v 115126991 t -4517374 Ea 54.752681 lognorm 64.427970 alpha_s -6.856549 alpha -7.442530
breadth	s0069	69	1	2	5.505093e+09	3.47453e-09	305691246.5	u 13 v -441944656 t 11155860 Ea 55.470120 lognorm 63.958291 alpha_s -6.407535 alpha -6.529362
breadth	s0168	168	1	1	5.503503e+09	3.462094e-09	138275349.7	u 147 v -10468273325 t 141840844 Ea 54.841933 lognorm 64.499908 alpha_s -7.179046 alpha -7.429211
breadth	s0291	291	1	1	5.499984e+09	3.466128e-09	186753818.4	u 67 v 2483860052 t -79598970 Ea 54.573210 lognorm 65.011965 alpha_s -7.586709 alpha -8.029812
breadth	s0210	210	1	1	5.499145e+09	3.466008e-09	280320109	u -11 v 581026891 t 27911916 Ea 54.586676 lognorm 64.391158 alpha_s -6.757901 alpha -7.541909
breadth	s0039	39	1	1	5.490288e+09	3.461308e-09	132771936.4	u 7 v 84280479 t -5621188 Ea 54.164417 lognorm 64.428312 alpha_s -7.296455 alpha -7.895304
breadth	s0112	112	1	1	5.487271e+09	3.548912e-09	32306306.8	u 2 v 13763253 t -7973548 Ea 54.073353 lognorm 64.389028 alpha_s -7.888216 alpha -7.935135
breadth	s0088	88	1	1	5.486682e+09	3.487706e-09	87265390	u -14 v -171625553 t -22779018 Ea 54.273712 lognorm 64.670994 alpha_s -7.532023 alpha -7.997909
breadth	s0164	164	1	1	5.476607e+09	3.447916e-09	133492874.9	u 1 v -260476676 t -20747052 Ea 54.905882 lognorm 64.515242 alpha_s -6.836191 alpha -7.391815
breadth	s0267	267	1	1	5.473781e+09	3.449622e-09	257054673.3	u -10 v -68473821 t -1871234 Ea 55.137362 lognorm 64.778304 alpha_s -7.036658 alpha -7.416109
breadth	s0141	141	1	2	5.46926e+09	3.454237e-09	350007962	u 14 v 1572024124 t 11018465 Ea 54.774569 lognorm 64.628423 alpha_s -6.942057 alpha -7.579888
breadth	s0199	199	1	1	5.466952e+09	3.457238e-09	446589781.5	u 2 v 7172876120 t -2975127 Ea 54.996399 lognorm 65.396215 alpha_s -7.628572 alpha -7.999858
breadth	s0255	255	1	5	5.465429e+09	3.483553e-09	71614580	u -9 v 59353630 t -5762362 Ea 54.423216 lognorm 65.113705 alpha_s -7.971679 alpha -8.223454
breadth	s0160	160	1	2	5.456777e+09	3.448983e-09	128527336.7	u 9 v 148934934 t -1030943 Ea 54.554096 lognorm 64.347979 alpha_s -7.088640 alpha -7.533757
breadth	s0191	191	1	1	5.451494e+09	3.437388e-09	115022730.5	u 5 v 226626225 t -6352961 Ea 54.547424 lognorm 64.880307 alpha_s -7.252937 alpha -7.948372
breadth	s0278	278	1	1	5.448234e+09	3.420932e-09	190327165.2	u -25 v -138242602 t 361898 Ea 55.058467 lognorm 64.603596 alpha_s -6.659917 alpha -7.342407
breadth	s0033	33	1	1	5.446276e+09	3.421225e-09	171254006.6	u -14 v 235613535 t 15875421 Ea 55.052747 lognorm 64.824143 alpha_s -7.228851 alpha -7.516458
breadth	s0145	145	1	2	5.440642e+09	3.484261e-09	53601916.6	u 3 v -34604008 t 8112439 Ea 54.492564 lognorm 64.530138 alpha_s -7.370506 alpha -7.721210
breadth	s0162	162	1	3	5.436458e+09	3.422992e-09	237642684.5	u -22 v -852966642 t -47938821 Ea 54.990918 lognorm 64.582312 alpha_s -6.807644 alpha -7.377995
breadth	s0037	37	1	1	5.421167e+09	3.407449e-09	336077507.4	u -3 v 537293609 t -1906445 Ea 55.294466 lognorm 64.770223 alpha_s -6.980181 alpha -7.289043
breadth	s0132	132	1	1	5.420173e+09	3.417177e-09	108078176.7	u -10 v -56480165 t -13583233 Ea 54.835285 lognorm 64.412483 alpha_s -7.081803 alpha -7.367076
breadth	s0218	218	1	1	5.416932e+09	3.424738e-09	104906676	u 12 v -114074162 t -7569852 Ea 54.650548 lognorm 65.492249 alpha_s -8.152724 alpha -8.339770
breadth	s0096	96	1	1	5.416222e+09	3.45899e-09	59250028	u -19 v 616577510 t 57613785 Ea 54.592136 lognorm 63.821882 alpha_s -6.707880 alpha -7.099804
breadth	s0202	202	1	1	5.414135e+09	3.450877e-09	62041006.2	u 2 v 21676614 t -6877785 Ea 54.580719 lognorm 64.254165 alpha_s -6.992037 alpha -7.441112
breadth	s0240	240	1	1	5.413259e+09	3.400125e-09	189812531.2	u 15 v 134386682 t 11072158 Ea 54.688720 lognorm 65.253912 alpha_s -7.554053 alpha -8.127070
breadth	s0279	279	1	1	5.411614e+09	3.44185e-09	72394411.7	u 13 v -91967930 t 3446824 Ea 54.514084 lognorm 64.963911 alpha_s -7.615428 alpha -8.038328
breadth	s0203	203	1	1	5.407923e+09	3.495052e-09	31443315.2	u -1 v -5107669 t 2821364 Ea 54.076647 lognorm 64.446523 alpha_s -7.420231 alpha -7.976828
breadth	s0023	23	1	2	5.40624e+09	3.490913e-09	37392614.2	u 0 v 3575667 t -1712849 Ea 54.677907 lognorm 63.064405 alpha_s -5.819726 alpha -6.451152
breadth	s0165	165	1	2	5.398545e+09	3.413309e-09	110744226.7	u 268 v 24476746971 t -179845785 Ea 54.711958 lognorm 64.939512 alpha_s -7.479267 alpha -7.867349
breadth	s0185	185	1	1	5.393375e+09	3.414186e-09	358641885.9	u -14 v 22726384 t -4752671 Ea 55.322294 lognorm 64.167555 alpha_s -6.555435 alpha -6.804046
breadth	s0040	40	1	4	5.391443e+09	3.493256e-09	26440571.1	u -1 v 7441774 t 11131070 Ea 54.415392 lognorm 63.503885 alpha_s -6.619931 alpha -6.991149
breadth	s0133	133	1	1	5.385849e+09	3.389144e-09	138275349.7	u -11 v -5486483 t 13036352 Ea 54.525894 lognorm 64.730111 alpha_s -7.382783 alpha -7.849397
breadth	s0154	154	1	1	5.385241e+09	3.388395e-09	197680284.3	u 12 v -578804663 t -5212690 Ea 54.968998 lognorm 64.628239 alpha_s -6.991149 alpha -7.430185
breadth	s0184	184	1	1	5.379462e+09	3.387737e-09	476573998.3	u 1 v -11460079377 t 24245418 Ea 55.437561 lognorm 64.942953 alpha_s -6.530523 alpha -7.311841
breadth	s0076	76	1	1	5.376429e+09	3.408819e-09	83565623.8	u -10 v -46076607 t -6199848 Ea 54.297057 lognorm 64.977683 alpha_s -7.753120 alpha -8.215866
breadth	s0153	153	1	1	5.376289e+09	3.396579e-09	108078176.7	u 38 v -1175319627 t 57392946 Ea 54.237643 lognorm 65.298887 alpha_s -8.164107 alpha -8.508649
breadth	s0161	161	1	1	5.371319e+09	3.387725e-09	466362000.3	u 3 v 1754496150 t -3204294 Ea 55.865552 lognorm 64.428524 alpha_s -6.148041 alpha -6.586902
breadth	s0270	270	1	1	5.370654e+09	3.371585e-09	206992033.1	u 96 v -4780781165 t 101179800 Ea 54.917257 lognorm 64.977627 alpha_s -7.335337 alpha -7.738746
breadth	s0094	94	1	1	5.368843e+09	3.385537e-09	109255070.8	u -4 v -276416484 t -6916351 Ea 55.096126 lognorm 64.505713 alpha_s -6.630849 alpha -7.238144
breadth	s0058	58	1	10	5.362158e+09	3.369856e-09	168951187.5	u -13 v 442423357 t -14495507 Ea 55.136734 lognorm 64.363848 alpha_s -6.665629 alpha -7.097781
breadth	s0262	262	1	1	5.356042e+09	3.369145e-09	256359611.9	u -14 v -654163200 t 3174383 Ea 54.696198 lognorm 65.206109 alpha_s -7.522282 alpha -8.084547
breadth	s0287	287	1	1	5.343805e+09	3.434858e-09	46815039.8	u 3 v -8016741 t -4296152 Ea 53.964234 lognorm 64.992584 alpha_s -8.177360 alpha -8.483346
breadth	s0064	64	1	1	5.342862e+09	3.369396e-09	515503238.5	u 1 v 25032989785 t -32844113 Ea 55.538519 lognorm 65.272294 alpha_s -6.794728 alpha -7.487520
breadth	s0024	24	1	1	5.327683e+09	3.379461e-09	88935125.7	u 9 v 45339101 t -8788270 Ea 54.146856 lognorm 64.607949 alpha_s -8.303329 alpha -8.046995 content divided
breadth	s0024_d2	24	2	1	5.327683e+09	3.379461e-09	88935125.7	u 4 v 22669550 t -8788270 Ea 54.146856 lognorm 64.607949 alpha_s -7.630038 alpha -8.046995
breadth	s0213	213	1	1	5.317345e+09	3.334636e-09	133854810.8	u -27 v -206882366 t -26904097 Ea 54.928454 lognorm 64.979203 alpha_s -7.456124 alpha -7.731345
breadth	s0263	263	1	1	5.315546e+09	3.338457e-09	213249741.2	u -9 v -41007667 t 679070 Ea 55.365689 lognorm 64.509775 alpha_s -6.713379 alpha -7.033912
breadth	s0067	67	1	3	5.315062e+09	3.445014e-09	22113706.2	u 0 v 6068822 t 266676 Ea 54.594911 lognorm 64.287243 alpha_s -7.123709 alpha -7.455640
breadth	s0280	280	1	1	5.309784e+09	3.334103e-09	126799054.8	u -19 v 158124025 t 1095906 Ea 54.855455 lognorm 65.088058 alpha_s -7.586387 alpha -7.871233
breadth	s0059	59	1	1	5.303279e+09	3.376763e-09	62209216.5	u 2 v -43032300 t 738233 Ea 54.533517 lognorm 64.682675 alpha_s -7.645783 alpha -7.807044
breadth	s0016	16	1	1	5.299752e+09	3.358153e-09	74785228.4	u -5 v -191478831 t -19651459 Ea 55.032144 lognorm 64.540021 alpha_s -6.835862 alpha -7.313752
breadth	s0113	113	1	1	5.297126e+09	3.330899e-09	115022730.5	u 132 v -5700852110 t 83484475 Ea 55.043721 lognorm 65.383771 alpha_s -7.153949 alpha -7.953884
breadth	s0127	127	1	1	5.293512e+09	3.423004e-09	34662563.1	u -1 v -8139442 t -10260185 Ea 54.260837 lognorm 63.766259 alpha_s -7.087856 alpha -7.311863
breadth	s0269	269	1	1	5.293158e+09	3.345541e-09	434660121.9	u 52 v -497057174 t 11734326 Ea 55.603918 lognorm 64.724347 alpha_s -6.332705 alpha -7.015714
breadth	s0284	284	1	2	5.291175e+09	3.319463e-09	154510002.9	u 18 v 95833002 t -608617 Ea 55.231212 lognorm 64.860786 alpha_s -7.114073 alpha -7.407365
breadth	s0052	52	1	2	5.266332e+09	3.299637e-09	174530780	u -27 v 151846222 t -17739719 Ea 55.296986 lognorm 64.443642 alpha_s -6.474231 alpha -7.035889
breadth	s0295	295	1	4	5.261611e+09	3.318637e-09	103496016.5	u -12 v 269255552 t 11612287 Ea 55.222701 lognorm 64.564099 alpha_s -6.762056 alpha -7.185691
breadth	s0208	208	1	3	5.261026e+09	3.302959e-09	177870251.3	u -127 v -9986855295 t -167264424 Ea 55.746334 lognorm 64.242355 alpha_s -5.864394 alpha -6.535401
breadth	s0171	171	1	1	5.260277e+09	3.405737e-09	24311848.4	u 2 v 9959766 t -9455297 Ea 54.123510 lognorm 64.385440 alpha_s -7.727335 alpha -7.893793
breadth	s0176	176	1	2	5.259386e+09	3.308908e-09	150790338.1	u -18 v -516725796 t -38931778 Ea 55.526351 lognorm 64.562776 alpha_s -6.612341 alpha -6.951096
breadth	s0148	148	1	1	5.25351e+09	3.296777e-09	178352506.5	u 34 v -352545045 t 31740765 Ea 55.066584 lognorm 64.844564 alpha_s -6.997614 alpha -7.521523
breadth	s0195	195	1	1	5.242314e+09	3.293795e-09	227567414.3	u 16 v 81886973 t -7421837 Ea 55.201317 lognorm 64.813157 alpha_s -6.932744 alpha -7.393723
breadth	s0231	231	1	3	5.240319e+09	3.31001e-09	93630079.7	u -2 v -301603689 t 4986095 Ea 54.886923 lognorm 65.227569 alpha_s -7.629366 alpha -7.954342
breadth	s0257	257	1	1	5.220527e+09	3.327085e-09	57667294.4	u -16 v 237549619 t 26795948 Ea 54.533289 lognorm 64.780010 alpha_s -7.340807 alpha -7.882093
breadth	s0070	70	1	1	5.219586e+09	3.332569e-09	66746437.4	u 4 v -15450031 t 6096150 Ea 55.402467 lognorm 63.901996 alpha_s -6.067282 alpha -6.538099
breadth	s0143	143	1	1	5.218098e+09	3.340888e-09	47581791.3	u -11 v -165059385 t -16017089 Ea 54.320660 lognorm 65.346171 alpha_s -8.149359 alpha -8.481163
breadth	s0054	54	1	1	5.212954e+09	3.323653e-09	61372701.3	u -3 v -4790366 t -6782988 Ea 54.603469 lognorm 64.522664 alpha_s -7.314473 alpha -7.630150
breadth	s0226	226	1	2	5.206823e+09	3.262473e-09	175954235.3	u 61 v 1000191271 t -90078193 Ea 55.764180 lognorm 64.565784 alpha_s -6.326657 alpha -6.770465
breadth	s0118	118	1	1	5.195942e+09	3.298252e-09	70460554.9	u 68 v -1158728458 t 27775487 Ea 54.937659 lognorm 65.639745 alpha_s -7.686983 alpha -8.232374
breadth	s0175	175	1	1	5.182183e+09	3.273564e-09	105476308.9	u -30 v -695220253 t -42588637 Ea 54.938505 lognorm 64.953299 alpha_s -7.215534 alpha -7.703688
breadth	s0207	207	1	1	5.181521e+09	3.268022e-09	96460670.3	u 9 v -87226704 t 19520630 Ea 55.099341 lognorm 64.584964 alpha_s -6.921614 alpha -7.296633
breadth	s0268	268	1	1	5.156258e+09	3.252966e-09	111950152.3	u 86 v 4283250731 t -90949382 Ea 54.898041 lognorm 65.072471 alpha_s -7.624812 alpha -7.826485
breadth	s0066	66	1	2	5.152445e+09	3.264523e-09	810226482.6	u -3 v -85800831078 t -2102328 Ea 55.827319 lognorm 66.421914 alpha_s -7.883843 alpha -8.149688
breadth	s0285	285	1	3	5.151278e+09	3.243266e-09	101278310.3	u 17 v 169725664 t -20604147 Ea 54.997883 lognorm 64.700639 alpha_s -6.842753 alpha -7.463659
breadth	s0020	20	1	1	5.143557e+09	3.242122e-09	96460670.3	u 7 v 163017975 t -2493644 Ea 54.689365 lognorm 65.307834 alpha_s -7.719491 alpha -8.168053
breadth	s0163	163	1	2	5.126644e+09	3.261705e-09	61372701.3	u -2 v 77402897 t -1297100 Ea 54.619348 lognorm 65.427206 alpha_s -8.090049 alpha -8.313737
breadth	s0025	25	1	1	5.124146e+09	3.288707e-09	38315007.4	u 2 v 3699034 t 959611 Ea 54.533427 lognorm 64.656660 alpha_s -7.516707 alpha -7.787102
breadth	s0214	214	1	4	5.123583e+09	3.22908e-09	98840142.2	u -4 v -542881327 t 4109548 Ea 55.446817 lognorm 65.241512 alpha_s -6.863924 alpha -7.534381
breadth	s0051	51	1	1	5.118462e+09	3.291004e-09	34382145.8	u 0 v 3057006 t -2250091 Ea 54.809034 lognorm 63.485908 alpha_s -6.439896 alpha -6.674518
breadth	s0206	206	1	1	5.116318e+09	3.198801e-09	284911280	u 0 v -10454955455 t 8476764 Ea 55.468492 lognorm 66.078868 alpha_s -7.729550 alpha -8.161828
breadth	s0101	101	1	1	5.115213e+09	3.307466e-09	26014497.4	u -1 v -6553437 t -9846456 Ea 54.685561 lognorm 63.729030 alpha_s -6.783561 alpha -6.956514
breadth	s0136	136	1	1	5.107982e+09	3.24468e-09	67473258.5	u 2 v -49467712 t 6268464 Ea 54.672485 lognorm 64.563394 alpha_s -7.364196 alpha -7.608391
breadth	s0297	297	1	1	5.102649e+09	3.192191e-09	206992033.1	u -1 v -879481579 t -360266 Ea 55.182465 lognorm 66.469696 alpha_s -7.980207 alpha -8.682485
breadth	s0200	200	1	3	5.099624e+09	3.246454e-09	56431603.2	u -4 v -41847489 t -1308426 Ea 55.117094 lognorm 64.564095 alpha_s -6.964809 alpha -7.266924
breadth	s0283	283	1	1	5.096478e+09	3.300168e-09	21118898.4	u 1 v 1795258 t -321348 Ea 54.345295 lognorm 63.805238 alpha_s -7.504116 alpha -7.276880 content divided
breadth	s0283_d3	283	3	1	5.096478e+09	3.300168e-09	21118898.4	u 0 v 598419 t -321348 Ea 54.345295 lognorm 63.805238 alpha_s -6.476711 alpha -7.276880
breadth	s0117	117	1	1	5.092576e+09	3.209364e-09	104340119.5	u 10 v -715489228 t 4026428 Ea 55.148317 lognorm 65.582148 alpha_s -7.753147 alpha -8.026023
breadth	s0227	227	1	1	5.089256e+09	3.211147e-09	83339667	u -8 v 37866560 t -8754056 Ea 55.406372 lognorm 64.482224 alpha_s -6.715869 alpha -6.981424
breadth	s0174	174	1	1	5.08911e+09	3.246636e-09	53601916.6	u 2 v 41519566 t -5550469 Ea 55.006609 lognorm 64.707158 alpha_s -7.125623 alpha -7.461961
breadth	s0241	241	1	1	5.084848e+09	3.188586e-09	142455640	u 22 v 152704205 t -12032015 Ea 55.033586 lognorm 65.272075 alpha_s -7.215714 alpha -7.875761
breadth	s0119	119	1	1	5.078263e+09	3.225207e-09	71227820	u -8 v -120713138 t -4042893 Ea 54.700492 lognorm 65.457559 alpha_s -7.492201 alpha -8.274667
breadth	s0047	47	1	1	5.070424e+09	3.271147e-09	30028805.5	u 2 v 5007241 t 2541452 Ea 54.324986 lognorm 65.363536 alpha_s -8.280218 alpha -8.491193
breadth	s0230	230	1	1	5.065052e+09	3.173269e-09	203656483.1	u 8 v 549006053 t 8377909 Ea 55.304863 lognorm 64.677769 alpha_s -6.699261 alpha -7.209927
breadth	s0100	100	1	5	5.06408e+09	3.234272e-09	1045059182.8	u 499 v -99302759539 t 245644864 Ea 56.485311 lognorm 65.033548 alpha_s -6.148223 alpha -6.575566
breadth	s0137	137	1	1	5.062836e+09	3.249607e-09	37799793	u 0 v 9555476 t 175912 Ea 54.768972 lognorm 64.544610 alpha_s -6.815664 alpha -7.519721
breadth	s0223	223	1	3	5.060581e+09	3.226957e-09	53312435.3	u 4 v 63487544 t 7923858 Ea 55.039812 lognorm 64.833873 alpha_s -6.948793 alpha -7.533893
breadth	s0025_d2	25	2	1	5.060015e+09	3.176733e-09	106624870.6	u -31 v -325781700 t -14865206 Ea 55.112221 lognorm 65.610336 alpha_s -7.768599 alpha -8.075473
breadth	s0074	74	1	1	5.053464e+09	3.194249e-09	90882551.3	u -2 v -56933801 t -8885463 Ea 54.983133 lognorm 64.192996 alpha_s -6.728366 alpha -7.084510
breadth	s0073	73	1	2	5.052166e+09	3.198431e-09	79375338.3	u 1 v -72021578 t 3942944 Ea 55.591618 lognorm 64.153623 alpha_s -6.265059 alpha -6.586157
breadth	s0250	250	1	1	5.050664e+09	3.264132e-09	26440571.1	u 9 v -88698048 t 8083494 Ea 54.095683 lognorm 65.970710 alpha_s -9.254462 alpha -9.134636 content divided
breadth	s0250_d2	250	2	1	5.050664e+09	3.264131e-09	26440571.1	u 4 v -44349024 t 8083495 Ea 54.095683 lognorm 65.970710 alpha_s -8.579366 alpha -9.134636
breadth	s0183	183	1	1	5.049306e+09	3.207839e-09	64263668.3	u -3 v -25099236 t 3777021 Ea 55.079895 lognorm 64.505872 alpha_s -6.858674 alpha -7.250752
breadth	s0290	290	1	2	5.038235e+09	3.152334e-09	133854810.8	u -36 v -400688155 t -28432512 Ea 55.491504 lognorm 65.001610 alpha_s -6.893089 alpha -7.315466
breadth	s0063	63	1	19	5.037719e+09	3.15722e-09	162226863.8	u 2 v -329288080 t 523217 Ea 56.088573 lognorm 63.858434 alpha_s -5.734332 alpha -5.976816
breadth	s0021	21	1	2	5.035922e+09	3.240837e-09	34850777.3	u 0 v -7355873 t -2819346 Ea 55.184389 lognorm 63.734372 alpha_s -6.190083 alpha -6.576910
breadth	s0134	134	1	2	5.021591e+09	3.241564e-09	25734269.6	u -1 v -9066371 t -841164 Ea 54.583709 lognorm 64.531301 alpha_s -7.690693 alpha -7.651994 content divided
breadth	s0134_d2	134	2	2	5.021591e+09	3.241564e-09	25734269.6	u -1 v -4533186 t -841164 Ea 54.583709 lognorm 64.531301 alpha_s -7.030039 alpha -7.651994
breadth	s0243	243	1	3	5.013471e+09	3.235297e-09	32835429.7	u 0 v 13192365 t -2882391 Ea 54.524594 lognorm 64.706699 alpha_s -7.309318 alpha -7.832388
breadth	s0081	81	1	3	5.006695e+09	3.166032e-09	80675372.6	u -5 v 186792229 t 10858989 Ea 55.320885 lognorm 64.988576 alpha_s -7.015879 alpha -7.436686
breadth	s0086	86	1	2	4.998102e+09	3.237196e-09	25388225.9	u -1 v 8215312 t 15041920 Ea 54.648986 lognorm 63.428864 alpha_s -6.167669 alpha -6.753752
breadth	s0124	124	1	1	4.980467e+09	3.184866e-09	1232737732.5	u 3 v -76171046868 t 3316676 Ea 56.062728 lognorm 65.756990 alpha_s -6.744010 alpha -7.457124
breadth	s0065	65	1	1	4.98037e+09	3.216853e-09	23598429.3	u -1 v -4109641 t -8588119 Ea 55.103654 lognorm 63.767764 alpha_s -6.224033 alpha -6.664700
breadth	s0189	189	1	2	4.97321e+09	3.127963e-09	116590500.1	u 40 v 1356233732 t -43962263 Ea 54.752435 lognorm 65.801875 alpha_s -8.120379 alpha -8.499569
breadth	s0300	300	1	18	4.973037e+09	3.108868e-09	288794644.9	u -6 v 7569011935 t 1169299 Ea 55.966327 lognorm 66.040782 alpha_s -7.265978 alpha -7.749581
breadth	s0248	248	1	1	4.97242e+09	3.137612e-09	91376034.6	u 33 v 811822923 t -24963930 Ea 55.055932 lognorm 66.077337 alpha_s -8.110573 alpha -8.478003
breadth	s0228	228	1	2	4.971638e+09	3.209419e-09	25319577.6	u 1 v 5482869 t -4264010 Ea 54.706667 lognorm 64.362651 alpha_s -7.120651 alpha -7.427680
breadth	s0090	90	1	1	4.971418e+09	3.197956e-09	30686350.7	u 0 v -4492015 t -119316 Ea 54.766314 lognorm 64.052912 alpha_s -6.838693 alpha -7.143537
breadth	s0222	222	1	1	4.967467e+09	3.1072e-09	178352506.5	u 3 v -200864055 t -1220217 Ea 55.303156 lognorm 65.984920 alpha_s -7.766085 alpha -8.216741
breadth	s0216	216	1	1	4.964374e+09	3.143698e-09	77255001.5	u 3 v 31285447 t -18021530 Ea 55.346517 lognorm 63.650045 alpha_s -5.791742 alpha -6.387329
breadth	s0204	204	1	2	4.947639e+09	3.144077e-09	60057610.9	u -5 v 132702319 t 2604872 Ea 54.866667 lognorm 65.200100 alpha_s -8.061536 alpha -7.948795 content divided
breadth	s0204_d2	204	2	1	4.947639e+09	3.144077e-09	60057610.9	u -3 v 66351159 t 2604872 Ea 54.866667 lognorm 65.200100 alpha_s -7.400882 alpha -7.948795
breadth	s0093	93	1	4	4.946809e+09	3.17919e-09	34289178.4	u 0 v 9129934 t -171322 Ea 55.648052 lognorm 63.776077 alpha_s -5.759825 alpha -6.252327
breadth	s0258	258	1	1	4.946651e+09	3.111226e-09	108371206.3	u -24 v 32673822 t -6856463 Ea 54.870449 lognorm 65.849866 alpha_s -7.768643 alpha -8.445705
breadth	s0235	235	1	1	4.940079e+09	3.215993e-09	15219050.3	u 1 v -3336175 t 6079914 Ea 54.372221 lognorm 64.439926 alpha_s -7.078564 alpha -7.744388
breadth	s0277	277	1	2	4.939492e+09	3.125998e-09	63228098.6	u 24 v -446322456 t 15103244 Ea 54.995923 lognorm 66.261053 alpha_s -8.490749 alpha -8.665485
breadth	s0144	144	1	1	4.938536e+09	3.12969e-09	73182735.1	u -4 v -41992816 t -10279378 Ea 55.251787 lognorm 64.554821 alpha_s -7.050229 alpha -7.156180
breadth	s0091	91	1	12	4.925201e+09	3.149641e-09	42813501.6	u 0 v 21492447 t 3622476 Ea 55.423142 lognorm 64.240566 alpha_s -6.233208 alpha -6.782633
breadth	s0275	275	1	1	4.913794e+09	3.108668e-09	83339667	u -30 v -533822071 t -31027577 Ea 55.227433 lognorm 65.559958 alpha_s -7.619051 alpha -7.948096
breadth	s0256	256	1	2	4.909697e+09	3.200691e-09	12221929.7	u 0 v -69673 t -14850 Ea 54.585486 lognorm 63.816790 alpha_s -6.859981 alpha -7.101003
breadth	s0126	126	1	1	4.90145e+09	3.146765e-09	33192984.1	u 1 v 6111930 t -10211875 Ea 55.265587 lognorm 63.576109 alpha_s -5.922634 alpha -6.392709
breadth	s0244	244	1	2	4.899275e+09	3.100397e-09	64089903	u -2 v -358255453 t 1062910 Ea 54.947298 lognorm 66.316486 alpha_s -8.497156 alpha -8.745530
breadth	s0229	229	1	2	4.899102e+09	3.066843e-09	151609114.7	u -18 v -114922146 t 34519252 Ea 55.487143 lognorm 64.746942 alpha_s -6.563888 alpha -7.122922
breadth	s0130	130	1	4	4.893139e+09	3.149453e-09	30028805.5	u 0 v -6063738 t -1097576 Ea 55.248513 lognorm 64.098598 alpha_s -6.708684 alpha -6.807758
breadth	s0217	217	1	1	4.890619e+09	3.095244e-09	70080027.2	u 12 v -207323016 t 10314336 Ea 55.088094 lognorm 65.660906 alpha_s -7.779511 alpha -8.132932
breadth	s0237	237	1	1	4.881057e+09	3.088426e-09	64437904.8	u -7 v -75593446 t 2142180 Ea 55.291849 lognorm 65.293219 alpha_s -7.387508 alpha -7.693362
breadth	s0234	234	1	4	4.868089e+09	3.124414e-09	36690576.8	u -3 v -21959474 t 5389848 Ea 55.167635 lognorm 65.114158 alpha_s -7.426510 alpha -7.651172
breadth	s0109	109	1	1	4.863395e+09	3.035345e-09	165330912	u -11 v -738413844 t -11297842 Ea 55.886542 lognorm 64.881920 alpha_s -6.155532 alpha -6.919522
breadth	s0044	44	1	1	4.862421e+09	3.060561e-09	95939727.1	u -6 v 152905240 t 10797543 Ea 55.336576 lognorm 64.946551 alpha_s -6.892696 alpha -7.392289
breadth	s0122	122	1	1	4.859116e+09	3.138692e-09	19951584.6	u -1 v 3536341 t 3387855 Ea 54.917946 lognorm 63.844976 alpha_s -6.978895 alpha -6.866946 content divided
breadth	s0122_d2	122	2	1	4.859116e+09	3.138692e-09	19951584.6	u -1 v 1768170 t 3387855 Ea 54.917946 lognorm 63.844976 alpha_s -6.311020 alpha -6.866946
breadth	s0089	89	1	3	4.857289e+09	3.02913e-09	326215479.2	u 0 v -4327445955 t -412188 Ea 56.388129 lognorm 66.003527 alpha_s -6.776624 alpha -7.396460
breadth	s0156	156	1	1	4.856457e+09	3.088208e-09	63743780.6	u 0 v -28273463 t -2229674 Ea 55.266236 lognorm 64.275644 alpha_s -6.593608 alpha -6.930314
breadth	s0178	178	1	1	4.840763e+09	3.149081e-09	15014402.7	u 0 v -578395 t -2700669 Ea 54.399543 lognorm 63.895161 alpha_s -6.783504 alpha -7.304321
breadth	s0167	167	1	2	4.828934e+09	3.085579e-09	42009688.4	u 7 v 35636391 t -5455953 Ea 54.550002 lognorm 65.903131 alpha_s -8.345877 alpha -8.733176
breadth	s0205	205	1	1	4.824752e+09	3.040109e-09	81553869.8	u -19 v 299549209 t 2242571 Ea 55.259186 lognorm 66.035828 alpha_s -7.690918 alpha -8.289725
breadth	s0224	224	1	2	4.821429e+09	3.01185e-09	256359611.9	u 0 v 4906440384 t -3380267 Ea 55.461896 lognorm 66.221900 alpha_s -8.002903 alpha -8.276926
breadth	s0286	286	1	1	4.817892e+09	3.030196e-09	101278310.3	u 5 v 29550594 t -18706635 Ea 55.623353 lognorm 64.279379 alpha_s -6.267676 alpha -6.658481
breadth	s0046_d2	46	2	1	4.817692e+09	3.088943e-09	36393753.1	u 4 v -51599773 t 13850886 Ea 54.595204 lognorm 65.238595 alpha_s -7.545624 alpha -8.187224
breadth	s0046	46	1	1	4.817691e+09	3.088943e-09	36393753.1	u 9 v -103199546 t 13850887 Ea 54.595204 lognorm 65.238595 alpha_s -8.202669 alpha -8.187224 content divided
breadth	s0103	103	1	1	4.812841e+09	3.130839e-09	14338964.4	u 0 v -24917 t 3075 Ea 54.693097 lognorm 63.625730 alpha_s -6.482939 alpha -6.871256
breadth	s0292	292	1	2	4.805627e+09	3.062108e-09	56126840	u 2 v -60829649 t -1493215 Ea 55.313916 lognorm 65.098030 alpha_s -7.314541 alpha -7.526241
breadth	s0077	77	1	1	4.796702e+09	3.078943e-09	34756542.8	u 2 v -597297 t -3267769 Ea 54.711527 lognorm 65.144279 alpha_s -7.359544 alpha -8.025194
breadth	s0245	245	1	1	4.794991e+09	3.049497e-09	50502229.7	u -4 v 109730907 t 1222766 Ea 54.902043 lognorm 65.970851 alpha_s -8.030885 alpha -8.514468
breadth	s0246	246	1	1	4.794149e+09	3.020789e-09	666717336.1	u 5 v -19178713448 t 7420392 Ea 56.809298 lognorm 65.051788 alpha_s -6.016658 alpha -6.340377
breadth	s0102	102	1	1	4.789676e+09	3.068933e-09	38732230.5	u 3 v 23450551 t -19766771 Ea 55.222989 lognorm 64.101941 alpha_s -6.634286 alpha -6.829963
breadth	s0254	254	1	1	4.78907e+09	3.041633e-09	56431603.2	u 4 v -37203635 t 13093214 Ea 55.279488 lognorm 64.506438 alpha_s -6.721705 alpha -7.097654
breadth	s0146	146	1	1	4.772871e+09	3.033416e-09	52170059.8	u 1 v -33175718 t 4121798 Ea 55.815945 lognorm 64.323139 alpha_s -6.326809 alpha -6.543996
breadth	s0157	157	1	1	4.770395e+09	3.012298e-09	72590692.8	u -5 v 70184491 t 15826268 Ea 55.595928 lognorm 64.603052 alpha_s -6.635536 alpha -6.928557
breadth	s0173	173	1	1	4.76063e+09	3.064963e-09	25874004.1	u 0 v 5721241 t -418949 Ea 54.901138 lognorm 64.712322 alpha_s -7.074081 alpha -7.547064
breadth	s0151	151	1	1	4.759282e+09	3.01743e-09	55975076.2	u 6 v 88654688 t -6024078 Ea 55.436061 lognorm 65.288986 alpha_s -7.100314 alpha -7.579173
breadth	s0211	211	1	12	4.743966e+09	2.999108e-09	85164568.1	u 1 v -158913610 t -5543321 Ea 55.715100 lognorm 64.988403 alpha_s -6.779940 alpha -7.133310
breadth	s0186	186	1	1	4.738094e+09	2.95738e-09	190843194.5	u -5 v 1198132340 t 737032 Ea 55.763655 lognorm 65.712826 alpha_s -7.487299 alpha -7.653208
breadth	s0274	274	1	2	4.732085e+09	2.96787e-09	116275245.9	u 10 v -238204679 t 8724457 Ea 55.760817 lognorm 64.656537 alpha_s -6.229129 alpha -6.842862
breadth	s0169	169	1	1	4.725922e+09	3.023299e-09	35904373.4	u 4 v 6674234 t -6170303 Ea 55.132438 lognorm 65.255251 alpha_s -7.476135 alpha -7.786779
breadth	s0247	247	1	1	4.707074e+09	2.948271e-09	103496016.5	u -5 v 153506895 t 15195507 Ea 56.172972 lognorm 64.443837 alpha_s -5.520498 alpha -6.362204
breadth	s0142	142	1	3	4.706174e+09	3.037883e-09	22233781.4	u -1 v 7152628 t 538696 Ea 54.890630 lognorm 65.197176 alpha_s -7.519259 alpha -7.928112
breadth	s0123	123	1	1	4.702943e+09	2.986053e-09	56738021.2	u 1 v -24247590 t 2096893 Ea 55.642017 lognorm 64.109925 alpha_s -6.035964 alpha -6.513776
breadth	s0077_d2	77	2	1	4.698015e+09	2.964446e-09	74180222	u 11 v -12658304 t -7846815 Ea 55.310544 lognorm 65.635603 alpha_s -7.666163 alpha -7.942353
breadth	s0115	115	1	1	4.69503e+09	2.97023e-09	62209216.5	u 3 v -40282284 t 3944862 Ea 55.732122 lognorm 64.630987 alpha_s -6.644996 alpha -6.845281
breadth	s0242	242	1	2	4.687142e+09	2.97499e-09	60383717.8	u 11 v 97626733 t 3066165 Ea 55.384878 lognorm 66.003347 alpha_s -7.516213 alpha -8.168053
breadth	s0252	252	1	1	4.666936e+09	3.004699e-09	22354508.6	u -1 v -2943021 t -713268 Ea 54.925579 lognorm 64.832788 alpha_s -7.349371 alpha -7.620930
breadth	s0294	294	1	4	4.648759e+09	2.918928e-09	84475593.8	u 11 v -182134267 t 3124169 Ea 56.071939 lognorm 65.296110 alpha_s -6.838232 alpha -7.095516
breadth	s0095	95	1	4	4.64827e+09	2.901735e-09	111044484.8	u 36 v -144552994 t 9868256 Ea 55.824417 lognorm 65.931471 alpha_s -7.293345 alpha -7.774657
breadth	s0084	84	1	1	4.634148e+09	3.0228e-09	12694113	u 0 v 35158 t 167175 Ea 55.135269 lognorm 62.956533 alpha_s -5.899939 alpha -6.016357
breadth	s0031	31	1	6	4.627869e+09	2.933215e-09	1003465416.2	u 2 v -24054596109 t 2399598 Ea 57.235220 lognorm 65.002557 alpha_s -5.534683 alpha -5.974875
breadth	s0125	125	1	3	4.624535e+09	2.94628e-09	39366599.2	u -10 v 52484898 t 12291478 Ea 55.394921 lognorm 65.868337 alpha_s -7.637120 alpha -8.056474
breadth	s0111	111	1	1	4.620587e+09	3.068624e-09	2200457329.9	u -500 v 504738814863 t -121811809 Ea 56.599657 lognorm 65.331558 alpha_s -6.197702 alpha -6.716847
breadth	s0288	288	1	2	4.619016e+09	2.902642e-09	723133865.2	u -500 v 7337269987 t -148716623 Ea 57.190149 lognorm 65.348106 alpha_s -5.694639 alpha -6.275351
breadth	s0060	60	1	1	4.618551e+09	2.963722e-09	28215801.6	u -1 v -4142743 t -2841214 Ea 55.336605 lognorm 64.390357 alpha_s -6.632025 alpha -6.964425
breadth	s0114	114	1	1	4.61001e+09	2.96096e-09	25251114.9	u 0 v -2058604 t -1208530 Ea 55.611148 lognorm 63.589236 alpha_s -5.633165 alpha -6.136990
breadth	s0106	106	1	2	4.592649e+09	2.920278e-09	43869616.2	u -14 v -275997794 t -31365828 Ea 55.615569 lognorm 65.253687 alpha_s -7.080222 alpha -7.413936
breadth	s0177	177	1	1	4.589532e+09	2.979329e-09	13436811.5	u 0 v 275258 t -39559 Ea 55.399945 lognorm 63.665637 alpha_s -6.219945 alpha -6.358224
breadth	s0271	271	1	2	4.583005e+09	2.919364e-09	39903169.3	u 0 v 10939171 t 361000 Ea 55.967695 lognorm 64.177058 alpha_s -5.660468 alpha -6.314895
breadth	s0097	97	1	1	4.559528e+09	2.903126e-09	45811890.1	u 2 v -27089828 t 9105857 Ea 55.174329 lognorm 65.007705 alpha_s -7.421974 alpha -7.564136
breadth	s0212	212	1	1	4.559135e+09	2.920198e-09	1392470868.8	u -500 v -237306654226 t 168619299 Ea 57.062388 lognorm 65.328657 alpha_s -6.059431 alpha -6.358669
breadth	s0232	232	1	1	4.552354e+09	2.967666e-09	8855393.6	u 0 v 30212 t 425788 Ea 54.822870 lognorm 63.224488 alpha_s -5.813650 alpha -6.462783
breadth	s0273	273	1	1	4.533813e+09	2.915019e-09	20834916.8	u 1 v 1851810 t -674553 Ea 55.478835 lognorm 64.401308 alpha_s -6.522246 alpha -6.863440
breadth	s0079	79	1	9	4.532917e+09	2.836363e-09	94906265.6	u 19 v 374023580 t -7912103 Ea 56.256357 lognorm 65.723210 alpha_s -6.592045 alpha -7.282195
breadth	s0131	131	1	5	4.518719e+09	2.898287e-09	27462078.8	u 1 v -7965269 t -2033275 Ea 56.260725 lognorm 63.779353 alpha_s -6.017115 alpha -5.783560 content divided
breadth	s0131_d2	131	2	4	4.518719e+09	2.898287e-09	27462078.8	u 0 v -3982635 t -2033274 Ea 56.260725 lognorm 63.779353 alpha_s -5.331639 alpha -5.783560
breadth	s0298	298	1	1	4.518396e+09	2.857235e-09	834720956.1	u -3 v -7680697486 t -400650 Ea 56.964900 lognorm 65.304642 alpha_s -5.878084 alpha -6.415186
breadth	s0220	220	1	4	4.516681e+09	2.848361e-09	63057133.4	u 9 v 358595948 t 4781899 Ea 55.740157 lognorm 66.301623 alpha_s -7.672983 alpha -8.124205
breadth	s0264	264	1	1	4.511219e+09	2.898914e-09	26014497.4	u -3 v -21681287 t -11404394 Ea 55.634125 lognorm 64.697053 alpha_s -6.593982 alpha -6.971483
breadth	s0259	259	1	1	4.510995e+09	2.840182e-09	75804557.4	u 12 v -134613357 t 7176859 Ea 55.614231 lognorm 65.653780 alpha_s -7.313495 alpha -7.722730
breadth	s0249	249	1	1	4.435781e+09	2.832315e-09	34850777.3	u -2 v -19533899 t -3981265 Ea 55.502710 lognorm 65.132052 alpha_s -7.062558 alpha -7.407186
breadth	s0085	85	1	1	4.430819e+09	2.801344e-09	966139484.9	u 499 v 24615136979 t -129208666 Ea 57.076176 lognorm 66.035352 alpha_s -6.477750 alpha -6.891673
breadth	s0256_d2	256	2	1	4.429506e+09	2.788392e-09	60876201.3	u -23 v -487470247 t -20503549 Ea 56.092776 lognorm 65.990028 alpha_s -7.286775 alpha -7.613270
breadth	s0120	120	1	1	4.427299e+09	2.86465e-09	13400479.1	u 0 v 264548 t -821183 Ea 55.487086 lognorm 63.666076 alpha_s -5.641911 alpha -6.291531
breadth	s0276	276	1	3	4.416018e+09	2.771782e-09	846098273.6	u -500 v -6483614025 t 138373557 Ea 57.666841 lognorm 65.318861 alpha_s -4.990986 alpha -5.886169
breadth	s0260	260	1	1	4.381443e+09	2.792154e-09	39687669.2	u -6 v -45157109 t -11239980 Ea 55.678913 lognorm 65.533891 alpha_s -7.265640 alpha -7.580752
breadth	s0219	219	1	1	4.375141e+09	2.843551e-09	4182962.8	u 0 v 7045 t -48340 Ea 55.131092 lognorm 63.251340 alpha_s -6.184711 alpha -6.246344
breadth	s0181	181	1	1	4.367609e+09	2.76822e-09	46562211.6	u -10 v -8214419 t 4100558 Ea 55.673539 lognorm 66.149882 alpha_s -7.596852 alpha -8.058725
breadth	s0138	138	1	6	4.35299e+09	2.74421e-09	69890534.8	u -5 v -110799393 t -13849893 Ea 56.248368 lognorm 65.120033 alpha_s -6.354601 alpha -6.824358
breadth	s0265	265	1	2	4.349087e+09	2.779079e-09	29785874.9	u -2 v -29983683 t -7473713 Ea 55.741579 lognorm 65.564680 alpha_s -6.949918 alpha -7.556232
breadth	s0201	201	1	1	4.348131e+09	2.726379e-09	788583071.7	u -500 v -33428215401 t -149170603 Ea 57.797531 lognorm 65.546969 alpha_s -5.501639 alpha -5.961106
breadth	s0129	129	1	1	4.329972e+09	2.80454e-09	13292070.4	u 0 v -178800 t 1577112 Ea 55.507331 lognorm 63.595493 alpha_s -5.951060 alpha -6.221663
breadth	s0129_d3	129	3	1	4.320445e+09	2.724105e-09	58295250	u 5 v -54420093 t 13095917 Ea 56.094590 lognorm 64.968564 alpha_s -6.485205 alpha -6.826134
breadth	s0272	272	1	2	4.306784e+09	2.737215e-09	37190672.5	u -6 v -9955794 t -3221276 Ea 55.796443 lognorm 65.789626 alpha_s -7.326036 alpha -7.687063
breadth	s0159	159	1	3	4.291884e+09	2.808303e-09	2012372173.9	u -500 v 291748329511 t -210811223 Ea 57.483481 lognorm 65.273087 alpha_s -5.967637 alpha -5.992005
breadth	s0299	299	1	2	4.25045e+09	2.72872e-09	18848792.3	u 1 v 9373739 t -4772732 Ea 55.873051 lognorm 65.138371 alpha_s -6.862496 alpha -7.127169
breadth	s0198	198	1	1	4.180096e+09	2.757668e-09	2034285470.2	u -500 v 1285179208109 t -86817911 Ea 57.576594 lognorm 66.092727 alpha_s -5.991193 alpha -6.550872
breadth	s0197	197	1	1	4.152565e+09	2.64837e-09	32746644.6	u 0 v -1941059 t -4792769 Ea 56.374558 lognorm 63.544438 alpha_s -4.852652 alpha -5.515293
breadth	s0293	293	1	4	4.128248e+09	2.592038e-09	67108864	u 8 v 35793436 t 4797448 Ea 56.519003 lognorm 65.579348 alpha_s -6.443067 alpha -6.969496
breadth	s0221	221	1	1	4.086353e+09	2.646103e-09	8855393.6	u 0 v 44064 t -40831 Ea 55.582631 lognorm 63.859089 alpha_s -5.928436 alpha -6.366507
breadth	s0236	236	1	7	3.982894e+09	2.550882e-09	20610483.3	u 0 v 2135925 t 132879 Ea 56.926441 lognorm 63.997132 alpha_s -4.934219 alpha -5.438993
breadth	s0233	233	1	1	3.880594e+09	2.503492e-09	6160805.2	u 0 v -55182 t 19375 Ea 56.172045 lognorm 63.828261 alpha_s -5.376084 alpha -5.889397
depth	s0002	2	1	2	7.401375e+09	4.729313e-09	203656483.1	u -5 v 169867163 t 9532349 Ea 52.727089 lognorm 62.628247 alpha_s -7.043472 alpha -7.616276
depth	s0003	3	1	1	6.914601e+09	4.410134e-09	246823796.2	u 1 v -56507067 t -7481734 Ea 52.948104 lognorm 62.784101 alpha_s -6.967385 alpha -7.566152
depth	s0006	6	1	1	6.674237e+09	4.245047e-09	276550699.4	u 1 v -1686407583 t -6549239 Ea 53.171828 lognorm 64.257009 alpha_s -8.271237 alpha -8.527063
depth	s0053	53	1	5	6.665249e+09	4.240884e-09	191879454.2	u -6 v 149601314 t 8904239 Ea 53.649515 lognorm 63.674974 alpha_s -7.026201 alpha -7.711892
depth	s0010	10	1	1	6.655496e+09	4.233899e-09	295118424.2	u 0 v 261014213 t -30414193 Ea 53.553573 lognorm 63.204363 alpha_s -6.987701 alpha -7.423685
depth	s0013	13	1	1	6.605117e+09	4.201047e-09	163107739.6	u -120 v -14984526136 t -244456018 Ea 53.307703 lognorm 64.054035 alpha_s -7.712391 alpha -8.266409
depth	s0014	14	1	1	6.502432e+09	4.16418e-09	453904169.6	u -28 v -1872853722 t -25125243 Ea 53.589580 lognorm 64.072047 alpha_s -7.696790 alpha -8.063436
depth	s0009	9	1	8	6.470333e+09	4.111632e-09	231921688.3	u -20 v -654247799 t -69303094 Ea 53.762792 lognorm 63.756273 alpha_s -7.093497 alpha -7.687293
depth	s0008	8	1	2	6.462869e+09	4.109064e-09	208680239	u 13 v 310567409 t -54758688 Ea 53.574750 lognorm 63.668273 alpha_s -7.397375 alpha -7.764248
depth	s0041	41	1	1	6.40932e+09	4.069705e-09	364515835.7	u -45 v -1499666776 t -54183030 Ea 54.027670 lognorm 64.451057 alpha_s -7.147670 alpha -8.017991
depth	s0027	27	1	1	6.371305e+09	4.039054e-09	149570456.7	u -15 v -35781115 t -5549169 Ea 53.519142 lognorm 64.268748 alpha_s -7.566511 alpha -8.268928
depth	s0004	4	1	1	6.351437e+09	4.071325e-09	80457230.9	u -1 v -524630 t 5413162 Ea 53.311432 lognorm 62.652093 alpha_s -6.460786 alpha -7.185124
depth	s0001	1	1	2	6.296348e+09	4.074245e-09	56431603.2	u 0 v -6508131 t 13304182 Ea 52.975514 lognorm 62.503368 alpha_s -7.020325 alpha -7.329118
depth	s0055	55	1	1	6.230427e+09	3.976713e-09	362547240	u 33 v 277553972 t 5160988 Ea 53.655745 lognorm 64.558140 alpha_s -7.637095 alpha -8.386457
depth	s0078	78	1	1	6.21615e+09	3.933757e-09	301580676.2	u -49 v -2920670305 t -4637384 Ea 53.665256 lognorm 64.984238 alpha_s -8.196582 alpha -8.706909
depth	s0018	18	1	1	6.115366e+09	3.885244e-09	113783707.2	u 2 v -21171814 t -6828511 Ea 53.751509 lognorm 63.780034 alpha_s -7.273112 alpha -7.714249
