seed	pool_index	source	variant	skew	MurphyE_256k	band_seed2	band_seed3
2	5	cado_orig	pipeline	187882145.704	4.725024000e-09	7.389086000e+09	7.386056000e+09
2	5	cado_orig	control	219696630.09999999	4.730992000e-09	7.400964000e+09	7.400955000e+09
2	5	cado_orig	murphy	219102582.73399839	4.731297000e-09	7.401034000e+09	7.401881000e+09
2	5	cado_orig	lattice	212961238.36191246	4.730838000e-09	7.401929000e+09	7.401742000e+09
2	6	msieve_orig	pipeline	233321822.22	4.683454000e-09	7.331716000e+09	7.332150000e+09
2	6	msieve_orig	control	225726412.69999999	4.683540000e-09	7.332670000e+09	7.333072000e+09
2	6	msieve_orig	murphy	225726412.69999999	4.683497000e-09	7.332632000e+09	7.332892000e+09
2	6	msieve_orig	lattice	212961238.42673826	4.682184000e-09	7.332713000e+09	7.333531000e+09
2	7	msieve_inv	pipeline	225875749.65000001	4.585093000e-09	7.184609000e+09	7.185915000e+09
2	7	msieve_inv	control	214407666.19999999	4.584648000e-09	7.186081000e+09	7.187253000e+09
2	7	msieve_inv	murphy	214407666.19999999	4.584648000e-09	7.186081000e+09	7.187253000e+09
2	7	msieve_inv	lattice	209529498.26146701	4.584048000e-09	7.186213000e+09	7.187469000e+09
2	8	msieve_orig	pipeline	227822948.71000001	4.583436000e-09	7.182948000e+09	7.183773000e+09
2	8	msieve_orig	control	224507359.90000001	4.583471000e-09	7.183217000e+09	7.184224000e+09
2	8	msieve_orig	murphy	224507359.90000001	4.583496000e-09	7.183244000e+09	7.184231000e+09
2	8	msieve_orig	lattice	212961238.39216414	4.582919000e-09	7.184338000e+09	7.185568000e+09
3	12	cado_orig	pipeline	182742693.69400001	4.389381000e-09	6.880719000e+09	6.876495000e+09
3	12	cado_orig	control	249511531.09999999	4.410393000e-09	6.914112000e+09	6.912842000e+09
3	12	cado_orig	murphy	250188025.48900926	4.410447000e-09	6.914102000e+09	6.912996000e+09
3	12	cado_orig	lattice	236359276.9755246	4.409624000e-09	6.914544000e+09	6.913069000e+09
6	27	msieve_orig	pipeline	275176248.62	4.247626000e-09	6.676189000e+09	6.674906000e+09
6	27	msieve_orig	control	260558350.40000001	4.247965000e-09	6.676908000e+09	6.675719000e+09
6	27	msieve_orig	murphy	259853815.234056	4.247944000e-09	6.677054000e+09	6.675752000e+09
6	27	msieve_orig	lattice	248836865.970173	4.246571000e-09	6.677524000e+09	6.675997000e+09
53	253	msieve_inv	pipeline	205510619.53999999	4.242071000e-09	6.669787000e+09	6.671498000e+09
53	253	msieve_inv	control	201462698.09999999	4.242160000e-09	6.670915000e+09	6.672515000e+09
53	253	msieve_inv	murphy	201190141.81279013	4.242145000e-09	6.671028000e+09	6.672452000e+09
53	253	msieve_inv	lattice	199562530.14864418	4.241675000e-09	6.670712000e+09	6.672797000e+09
53	254	cado_orig	pipeline	127475094.719	4.216203000e-09	6.632904000e+09	6.631077000e+09
53	254	cado_orig	control	199292544.59999999	4.241179000e-09	6.670030000e+09	6.669949000e+09
53	254	cado_orig	murphy	203105807.3666988	4.242012000e-09	6.670170000e+09	6.671802000e+09
53	254	cado_orig	lattice	199562530.17451847	4.241897000e-09	6.670926000e+09	6.672592000e+09
10	46	msieve_orig	pipeline	317928156.81999999	4.235915000e-09	6.655369000e+09	6.654267000e+09
10	46	msieve_orig	control	307351119.69999999	4.236174000e-09	6.656451000e+09	6.655638000e+09
10	46	msieve_orig	murphy	307351119.69999999	4.236158000e-09	6.656490000e+09	6.655682000e+09
10	46	msieve_orig	lattice	297122861.76788634	4.236038000e-09	6.655583000e+09	6.655053000e+09
10	47	cado_orig	pipeline	212170146.66800001	4.210856000e-09	6.645932000e+09	6.645742000e+09
10	47	cado_orig	control	304864674.5	4.234176000e-09	6.652958000e+09	6.652147000e+09
10	47	cado_orig	murphy	303218229.49822551	4.236121000e-09	6.656190000e+09	6.655468000e+09
10	47	cado_orig	lattice	295918571.46296096	4.236025000e-09	6.655240000e+09	6.654936000e+09
3	13	msieve_orig	pipeline	352339704.56999999	4.245408000e-09	6.651978000e+09	6.652108000e+09
3	13	msieve_orig	control	347176426.39999998	4.245583000e-09	6.652682000e+09	6.652235000e+09
3	13	msieve_orig	murphy	346706735.8881644	4.245595000e-09	6.652604000e+09	6.652308000e+09
3	13	msieve_orig	lattice	315359439.15927649	4.244475000e-09	6.654883000e+09	6.654103000e+09
78	378	msieve_orig	pipeline	353827705.98000002	4.139761000e-09	6.523384000e+09	6.522823000e+09
78	378	msieve_orig	control	361566932.60000002	4.139627000e-09	6.523191000e+09	6.522630000e+09
78	378	msieve_orig	murphy	361566932.60000002	4.139627000e-09	6.523191000e+09	6.522630000e+09
78	378	msieve_orig	lattice	330214475.8109917	4.138318000e-09	6.523005000e+09	6.521703000e+09
2	5	cado_orig	skewopt	224841000	4.730998000e-09	7.400651000e+09	7.400188000e+09
